,Encoder,Gyro,Target,duty
1,-2.460938,0,2.460938,6
2,-0.703125,-0.054614,3.109448,7
3,1.054688,0.082104,2.136865,5
4,-0.703125,0.497144,3.337134,8
5,-0.703125,0.548413,4.588672,11
6,0.351562,0.3177,4.55481,11
7,-1.40625,-0.080249,5.880811,14
8,0,-1.289966,4.590845,11
9,1.054688,-0.279224,3.256934,8
10,3.515625,-0.746753,-1.005444,2
11,2.460938,-0.729663,-4.196044,10
12,-0.703125,-0.000903,-3.493823,8
13,2.460938,1.170972,-4.783789,11
14,-0.703125,1.052563,-3.0281,7
15,-0.703125,0.50813,-1.816845,4
16,-2.109375,-0.086353,0.206177,0
17,-0.351562,-0.435474,0.122266,0
18,-1.054688,-0.3073,0.869654,2
19,0,0.047925,0.917578,2
20,-0.703125,0.340894,1.961597,4
21,0.703125,0.49104,1.749512,4
22,1.054688,0.340894,1.035718,2
23,0.351562,-0.356128,0.328028,0
24,-1.054688,-0.08269,1.300025,3
25,0.703125,0.023511,0.62041,1
26,1.054688,-0.196216,-0.630493,1
27,-1.054688,0.107739,0.531934,1
28,3.515625,0.106519,-2.877173,6
29,1.40625,0.318921,-3.964502,9
30,-0.703125,0.243237,-3.01814,7
31,0.703125,-0.212085,-3.93335,9
32,0,0.129712,-3.803638,9
33,-2.460938,0.055249,-1.287451,3
34,-0.351562,0.119946,-0.815943,2
35,-0.351562,0.05647,-0.40791,1
36,1.054688,0.209058,-1.25354,3
37,0,-0.729663,-1.983203,4
38,0.351562,-0.353687,-2.688452,6
39,-2.460938,-0.42937,-0.656885,1
40,0.703125,-0.356128,-1.716138,4
41,-1.757812,-1.114185,-1.07251,2
42,-3.515625,-1.139819,1.303296,3
43,0,-0.846851,0.456445,1
44,-0.703125,-1.169116,-0.009546,0
45,0.703125,-1.9052,-2.617872,6
46,-0.351562,-2.027271,-4.29358,10
47,-2.8125,-1.891773,-3.372852,8
48,-2.8125,-2.110278,-2.67063,6
49,-0.703125,-2.327564,-4.295069,10
50,0.703125,-2.791431,-7.789624,19
51,-0.351562,-3.367603,-10.805664,26
52,0.703125,-3.924243,-15.433032,38
53,1.054688,-3.860767,-20.348486,50
54,-1.40625,-4.589526,-23.531761,58
55,0,-4.854419,-28.386181,70
56,-2.460938,-5.321948,-31.247192,77
57,-2.8125,-5.522143,-33.956837,84
58,-0.703125,-5.815112,-39.068825,97
59,-4.921875,-6.446216,-40.593166,101
60,-3.164062,-6.685473,-44.114578,110
61,-5.976562,-6.475513,-44.613529,111
62,-4.570312,-6.659839,-46.703056,116
63,-3.867188,-6.579272,-49.415142,123
64,-5.273438,-6.31438,-50.456085,126
65,-5.976562,-6.612231,-51.091755,127
66,-8.085938,-6.360766,-49.366585,123
67,-7.734375,-6.236255,-47.868465,119
68,-4.921875,-6.341235,-49.287827,123
69,-7.734375,-6.365649,-47.919102,119
70,-9.140625,-5.354907,-44.133385,110
71,-8.085938,-5.675952,-41.7234,104
72,-7.734375,-5.548999,-39.538025,98
73,-8.4375,-5.513598,-36.614124,91
74,-8.4375,-5.711352,-33.887978,84
75,-9.84375,-5.782153,-29.826382,74
76,-10.195312,-5.417163,-25.048233,62
77,-9.492188,-5.72478,-21.280827,53
78,-8.4375,-5.415942,-18.25927,45
79,-11.953125,-5.458667,-11.764812,29
80,-7.734375,-5.658862,-9.689301,24
81,-8.4375,-5.111987,-6.363788,16
82,-4.570312,-5.734546,-7.528021,18
83,-4.21875,-5.819995,-9.129266,22
84,-4.570312,-5.976245,-10.535198,26
85,-2.460938,-5.487964,-13.562225,33
86,-1.40625,-5.970141,-18.126118,45
87,-3.515625,-5.86272,-20.473213,51
88,0.351562,-5.829761,-26.654537,66
89,-3.867188,-5.978686,-28.766037,71
90,-3.515625,-5.639331,-30.889744,77
91,-1.054688,-5.276782,-35.111839,87
92,-2.8125,-5.937182,-38.236523,95
93,-4.921875,-5.295093,-38.609741,96
94,-1.757812,-5.185229,-42.037159,104
95,-5.976562,-4.748218,-40.808815,102
96,-6.328125,-5.486743,-39.967434,99
97,-8.4375,-5.508716,-37.038651,92
98,-6.328125,-5.368335,-36.078861,90
99,-8.789062,-5.6552,-32.945,82
100,-4.921875,-5.570971,-33.594097,83
101,-4.21875,-5.81145,-35.186798,87
102,-9.492188,-5.623462,-31.318073,78
103,-8.4375,-5.616138,-28.496712,71
104,-6.679688,-5.32561,-27.142635,67
105,-7.734375,-5.580737,-24.988998,62
106,-8.085938,-5.301196,-22.204258,55
107,-8.4375,-5.126636,-18.893394,47
108,-5.976562,-5.414721,-18.331554,45
109,-5.625,-5.22185,-17.928406,44
110,-5.273438,-5.380542,-18.035511,45
111,-3.867188,-4.583423,-18.751747,46
112,-3.515625,-4.904468,-20.140591,50
113,-4.921875,-5.323169,-20.541885,51
114,-2.109375,-5.390307,-23.822819,59
115,-2.109375,-5.044848,-26.758293,66
116,-1.757812,-6.076343,-31.076824,77
117,-6.679688,-5.15227,-29.549408,73
118,-3.164062,-5.363452,-31.748798,79
119,-4.21875,-5.640552,-33.170601,82
120,-5.625,-5.476977,-33.022579,82
121,-4.21875,-5.502612,-34.306442,85
122,-4.921875,-5.557544,-34.942112,87
123,-3.515625,-5.315845,-36.742332,91
124,-4.570312,-5.15227,-37.324291,93
125,-6.328125,-5.048511,-36.044678,90
126,-5.625,-5.268237,-35.687916,89
127,-5.625,-4.746997,-34.809914,87
128,-4.921875,-4.642016,-34.530056,86
129,-6.679688,-4.626147,-32.476517,81
130,-6.328125,-4.418628,-30.56702,76
131,-6.679688,-4.07561,-27.962944,70
132,-5.273438,-3.861987,-26.551495,66
133,-6.328125,-4.021899,-24.24527,60
134,-6.328125,-3.730151,-21.647297,54
135,-5.976562,-3.789966,-19.460701,48
136,-5.273438,-3.868091,-18.055355,45
137,-5.273438,-3.821704,-16.603622,41
138,-5.625,-3.437183,-14.415806,36
139,-9.140625,-3.338306,-8.613487,21
140,-5.976562,-3.88396,-6.520885,16
141,-4.21875,-3.67644,-5.978575,14
142,-2.460938,-3.171069,-6.688706,16
143,-3.164062,-3.887622,-7.412266,18
144,-0.703125,-4.239184,-10.948325,27
145,-7.03125,-3.783862,-7.700937,19
146,-2.460938,-4.037768,-9.277768,23
147,-0.351562,-4.219653,-13.145859,32
148,0.351562,-4.068286,-17.565708,43
149,-0.703125,-4.367358,-21.229942,52
150,1.054688,-4.403979,-26.68861,66
151,1.40625,-4.545581,-32.640442,81
152,-1.40625,-4.1281,-35.362293,88
153,-3.515625,-4.270923,-36.117592,90
154,-3.515625,-4.418628,-37.020596,92
155,-3.515625,-3.997485,-37.502457,93
156,-5.976562,-4.854419,-36.380314,91
157,-5.976562,-4.392993,-34.796745,87
158,-4.921875,-3.947437,-33.822308,84
159,-7.03125,-3.896167,-30.687225,76
160,-2.460938,-3.352954,-31.579243,78
161,-8.085938,-3.739917,-27.233223,68
162,-6.679688,-4.295337,-24.848873,62
163,-5.273438,-4.076831,-23.652267,59
164,-5.625,-3.818042,-21.84531,54
165,-7.03125,-3.71062,-18.524681,46
166,-5.976562,-3.719165,-16.267284,40
167,-4.921875,-3.265064,-14.610474,36
168,-4.921875,-3.711841,-13.40044,33
169,-4.570312,-3.912036,-12.742165,31
170,-3.164062,-4.001147,-13.57925,33
171,-2.460938,-3.874194,-14.992508,37
172,-3.515625,-3.786304,-15.263187,38
173,-2.460938,-3.791187,-16.593437,41
174,-1.757812,-3.887622,-18.723248,46
175,-2.8125,-3.785083,-19.695831,49
176,-2.8125,-3.796069,-20.679401,51
177,-0.703125,-3.827808,-23.804085,59
178,-1.757812,-3.875415,-25.921688,64
179,-3.164062,-3.916919,-26.674545,66
180,-5.625,-4.002368,-25.051914,62
181,-2.460938,-4.015796,-26.606773,66
182,-3.867188,-4.014575,-26.754162,66
183,-2.8125,-3.985278,-27.926941,69
184,-2.109375,-3.982837,-29.800404,74
185,-4.570312,-4.090259,-29.320351,73
186,-4.570312,-4.067065,-28.817104,72
187,-5.273438,-4.071948,-27.615616,69
188,-5.273438,-4.108569,-26.450748,66
189,-4.921875,-4.028003,-25.556877,63
190,-3.515625,-4.009692,-26.050945,65
191,-6.328125,-3.931567,-23.654388,59
192,-6.679688,-3.885181,-20.859882,52
193,-6.679688,-3.770435,-17.95063,45
194,-5.273438,-3.732593,-16.409786,41
195,-5.625,-3.726489,-14.511276,36
196,-5.273438,-3.742358,-12.980198,32
197,-3.515625,-3.809497,-13.274071,33
198,-4.570312,-3.876636,-12.580395,31
199,-2.8125,-3.93523,-13.703125,34
200,-2.109375,-4.048755,-15.642506,38
201,-5.273438,-4.10979,-14.478859,36
202,-2.460938,-4.147632,-16.165554,40
203,-3.515625,-4.252612,-16.902542,42
204,-1.40625,-4.297778,-19.794071,49
205,-3.164062,-4.325854,-20.955864,52
206,-5.625,-4.362475,-19.69334,49
207,-4.570312,-4.391772,-19.514801,48
208,-2.460938,-4.38811,-21.441975,53
209,-5.273438,-4.347827,-20.516365,51
210,-3.164062,-4.413745,-21.766048,54
211,-3.867188,-4.384448,-22.28331,55
212,-0.703125,-4.357593,-25.937778,64
213,-3.867188,-4.383227,-26.453819,66
214,-3.515625,-4.423511,-27.361706,68
215,-2.8125,-4.483325,-29.032532,72
216,-4.570312,-4.532153,-28.994373,72
217,-5.273438,-4.540698,-28.261635,70
218,-3.515625,-4.649341,-29.395351,73
219,-5.273438,-4.601733,-28.723648,71
220,-5.976562,-4.601733,-27.34882,68
221,-5.625,-4.569995,-26.293816,65
222,-6.679688,-4.530932,-24.145061,60
223,-6.679688,-4.480884,-21.946259,54
224,-11.601562,-4.408862,-14.753559,37
225,-8.4375,-4.344165,-10.660225,26
226,-5.625,-4.322192,-9.357417,23
227,-5.625,-4.294116,-8.026533,20
228,-5.976562,-4.252612,-6.302583,15
229,-4.921875,-4.264819,-5.645527,14
230,-5.273438,-4.292895,-4.664985,11
231,-4.921875,-4.298999,-4.042109,10
232,-5.976562,-4.322192,-2.387738,6
233,-5.976562,-4.378345,-0.78952,2
234,-2.109375,-4.399096,-3.079242,7
235,-2.460938,-4.407641,-5.025946,12
236,-2.109375,-4.465014,-7.381585,18
237,0,-4.478442,-11.860027,29
238,-0.351562,-4.524829,-16.033295,39
239,0,-4.568774,-20.60207,51
240,-1.40625,-4.617602,-23.813423,59
241,-1.054688,-4.645679,-27.404415,68
242,-1.40625,-4.70061,-30.698776,76
243,-2.8125,-4.720141,-32.606419,81
244,-5.976562,-4.709155,-31.339012,78
245,-3.867188,-4.699389,-32.171215,80
246,-5.273438,-4.684741,-31.58252,78
247,-6.328125,-4.657886,-29.912281,74
248,-5.273438,-4.620044,-29.258888,73
249,-5.976562,-4.604175,-27.886501,69
250,-5.625,-4.61272,-26.874222,67
251,-5.976562,-4.624927,-25.522587,63
252,-7.382812,-4.610278,-22.750053,57
253,-4.21875,-4.640796,-23.1721,57
254,-7.03125,-4.64812,-20.788971,52
255,-7.03125,-4.585864,-18.343586,46
256,-4.570312,-4.600513,-18.373787,45
257,-6.679688,-4.577319,-16.27142,40
258,-3.515625,-4.543139,-17.298935,43
259,-2.460938,-4.52605,-19.364048,48
260,-6.679688,-4.455249,-17.13961,42
261,-8.085938,-4.441821,-13.495495,33
262,-5.273438,-4.421069,-12.643127,31
263,-6.328125,-4.403979,-10.718983,26
264,-2.8125,-4.356372,-12.262855,30
265,-2.460938,-4.3698,-14.171717,35
266,-3.515625,-4.33562,-14.991711,37
267,0,-4.331958,-19.323669,48
268,-2.8125,-4.328296,-20.839466,52
269,-2.8125,-4.328296,-22.355263,55
270,-2.460938,-4.309985,-24.204311,60
271,-5.273438,-4.298999,-23.229874,58
272,-3.164062,-4.289233,-24.355045,60
273,-1.757812,-4.28313,-26.880363,67
274,-3.515625,-4.252612,-27.617352,68
275,-3.867188,-4.230639,-27.980804,69
276,-3.164062,-4.212329,-29.029072,72
277,-3.515625,-4.17937,-29.692818,74
278,-4.570312,-4.148852,-29.271358,73
279,-5.976562,-4.131763,-27.426559,68
280,-4.921875,-4.10979,-26.614475,66
281,-4.21875,-4.098804,-26.49453,66
282,-3.515625,-4.07561,-27.054516,67
283,-5.273438,-4.062182,-25.843262,64
284,-5.273438,-4.060962,-24.630787,61
285,-5.273438,-4.048755,-23.406105,58
286,-4.570312,-4.07561,-22.911404,57
287,-5.273438,-4.043872,-21.681839,54
288,-7.382812,-4.05852,-18.357548,46
289,-5.273438,-4.074389,-17.158501,42
290,-5.625,-4.102466,-15.635967,39
291,-2.460938,-4.087817,-17.262848,43
292,-1.757812,-4.100024,-19.605061,48
293,-4.570312,-4.074389,-19.109138,47
294,-5.273438,-4.095141,-17.930843,44
295,-4.570312,-4.080493,-17.441025,43
296,-2.109375,-4.042651,-19.374302,48
297,-4.921875,-4.025561,-18.477989,46
298,-4.570312,-3.975513,-17.88319,44
299,-2.8125,-3.980396,-19.051086,47
300,-2.109375,-3.952319,-20.894032,52
301,-5.625,-3.931567,-19.2006,48
302,-3.867188,-3.896167,-19.22958,48
303,-4.921875,-3.893726,-18.201431,45
304,-2.8125,-3.897388,-19.28632,48
305,-3.515625,-3.898608,-19.669304,49
306,-5.976562,-3.870532,-17.563274,44
307,-3.164062,-3.858325,-18.257538,45
308,-4.921875,-3.857105,-17.192768,43
309,-4.21875,-3.835132,-16.809151,42
310,-4.921875,-3.841235,-15.728512,39
311,-5.625,-3.799731,-13.903244,34
312,-3.515625,-3.815601,-14.20322,35
313,-5.273438,-3.792407,-12.722191,31
314,-3.164062,-3.805835,-13.363964,33
315,-3.515625,-3.813159,-13.661499,34
316,-4.570312,-3.804614,-12.895802,32
317,-3.867188,-3.83269,-12.861305,32
318,-3.515625,-3.83147,-13.177151,32
319,-4.21875,-3.833911,-12.792313,32
320,-5.976562,-3.846118,-10.661869,26
321,-3.867188,-3.84856,-10.643241,26
322,0,-3.852222,-14.495462,36
323,-5.273438,-3.836353,-13.058378,32
324,-3.164062,-3.830249,-13.724566,34
325,-5.625,-3.807056,-11.906622,29
326,-1.757812,-3.792407,-13.941216,34
327,-3.515625,-3.798511,-14.224102,35
328,-1.757812,-3.766773,-16.233063,40
329,-3.164062,-3.753345,-16.822346,42
330,-2.460938,-3.753345,-18.114754,45
331,-1.757812,-3.703296,-20.060238,50
332,-1.054688,-3.677661,-22.683212,56
333,-3.515625,-3.644702,-22.81229,57
334,-3.867188,-3.619067,-22.564171,56
335,-3.515625,-3.594653,-22.6432,56
336,-3.515625,-3.577564,-22.705139,56
337,-3.515625,-3.533618,-22.723133,56
338,-4.570312,-3.540942,-21.693764,54
339,-3.515625,-3.527515,-21.705654,54
340,-3.867188,-3.511646,-21.350113,53
341,-4.570312,-3.50188,-20.281681,50
342,-4.21875,-3.481128,-19.54406,48
343,-1.757812,-3.488452,-21.2747,53
344,-3.867188,-3.499439,-20.906952,52
345,-3.515625,-3.500659,-20.891987,52
346,-4.21875,-3.500659,-20.173897,50
347,-3.164062,-3.514087,-20.523922,51
348,-4.570312,-3.495776,-19.449387,48
349,-4.570312,-3.462817,-18.341892,45
350,-3.867188,-3.444507,-17.919212,44
351,-3.515625,-3.399341,-17.802929,44
352,-3.867188,-3.361499,-17.297241,43
353,-4.570312,-3.376148,-16.103077,40
354,1.054688,-3.341968,-20.499733,50
355,-3.164062,-3.327319,-20.662991,51
356,-3.164062,-3.290698,-20.789627,51
357,-3.164062,-3.269946,-20.895512,52
358,-3.515625,-3.230884,-20.610771,51
359,-5.273438,-3.221118,-18.558453,46
360,-6.328125,-3.179614,-15.409943,38
361,-4.570312,-3.15398,-13.99361,35
362,-4.570312,-3.122241,-12.54554,31
363,-1.054688,-3.05144,-14.542293,36
364,-2.8125,-3.001392,-14.731184,36
365,-2.8125,-2.983081,-14.901766,37
366,-1.054688,-3.002612,-16.849691,42
367,-1.40625,-3.013599,-18.457041,46
368,-3.515625,-3.027026,-17.968443,44
369,-3.867188,-3.070972,-17.172228,42
370,-2.8125,-3.06853,-17.428259,43
371,-3.164062,-3.096606,-17.360804,43
372,-0.703125,-3.105151,-19.762831,49
373,-4.21875,-3.133228,-18.677309,46
374,-0.351562,-3.161304,-21.487051,53
375,-2.109375,-3.162524,-22.540201,56
376,-2.460938,-3.18938,-23.268644,58
377,-2.460938,-3.217456,-24.025164,60
378,-3.164062,-3.204028,-24.06513,60
379,-3.867188,-3.164966,-23.362909,58
380,-4.570312,-3.129565,-21.922163,54
381,-4.21875,-3.118579,-20.821993,52
382,-2.8125,-3.125903,-21.135397,52
383,-3.867188,-3.107593,-20.375803,50
384,-0.703125,-3.05022,-22.722898,56
385,-3.164062,-3.038013,-22.596849,56
386,-3.867188,-3.011157,-21.74082,54
387,-3.867188,-2.985523,-20.859156,52
388,-3.515625,-2.974536,-20.318068,50
389,-3.164062,-2.941577,-20.095583,50
390,-3.867188,-2.914722,-19.143118,47
391,-3.867188,-2.906177,-18.182108,45
392,-3.867188,-2.862231,-17.177153,43
393,-1.757812,-2.828052,-18.247393,45
394,-4.21875,-2.810962,-16.839605,42
395,-1.40625,-2.801196,-18.234552,45
396,-2.109375,-2.808521,-18.933699,47
397,-4.21875,-2.834155,-17.549105,43
398,-3.867188,-2.845142,-16.52706,41
399,-2.109375,-2.854907,-17.272593,43
400,-4.570312,-2.868335,-15.570616,39
401,-3.515625,-2.852466,-14.907457,37
402,-5.625,-2.890308,-12.172766,30
403,-2.460938,-2.897632,-12.60946,31
404,-4.570312,-2.873218,-10.912365,27
405,-4.921875,-2.879321,-8.869811,22
406,-2.109375,-2.892749,-9.653185,24
407,-3.164062,-2.906177,-9.395299,23
408,-2.8125,-2.903735,-9.486534,23
409,-3.515625,-2.925708,-8.896617,22
410,-2.109375,-2.928149,-9.715391,24
411,-2.109375,-2.91106,-10.517076,26
412,0.351562,-2.909839,-13.778477,34
413,-1.40625,-2.875659,-15.247887,38
414,-3.515625,-2.868335,-14.600597,36
415,-0.703125,-2.861011,-16.758484,41
416,-3.515625,-2.847583,-16.090443,40
417,-2.460938,-2.834155,-16.463661,41
418,-3.164062,-2.817065,-16.116665,40
419,-2.8125,-2.815845,-16.12001,40
420,-2.8125,-2.791431,-16.098942,40
421,-2.460938,-2.782886,-16.420891,41
422,-3.164062,-2.767017,-16.023846,40
423,-3.164062,-2.757251,-15.617035,39
424,-1.757812,-2.753589,-16.612812,41
425,-1.40625,-2.742603,-17.949165,44
426,-4.921875,-2.769458,-15.796749,39
427,-4.21875,-2.753589,-14.331589,35
428,-2.460938,-2.767017,-14.637669,36
429,-7.382812,-2.762134,-10.016991,25
430,-3.515625,-2.778003,-9.279368,23
431,-3.164062,-2.765796,-8.881102,22
432,-1.40625,-2.758472,-10.233323,25
433,-1.757812,-2.745044,-11.220554,27
434,-3.867188,-2.743823,-10.09719,25
435,-1.40625,-2.724292,-11.415232,28
436,-2.460938,-2.702319,-11.656613,29
437,-1.054688,-2.698657,-13.300583,33
438,1.40625,-2.682788,-17.389622,43
439,-3.164062,-2.666919,-16.892479,42
440,-1.40625,-2.655933,-18.142162,45
441,-1.054688,-2.63396,-19.721436,49
442,-2.8125,-2.61687,-19.525806,48
443,-1.054688,-2.596118,-21.067238,52
444,0.703125,-2.569263,-24.339626,60
445,-3.867188,-2.557056,-23.029495,57
446,-3.164062,-2.525317,-22.390751,56
447,-4.570312,-2.507007,-20.327446,50
448,-4.21875,-2.499683,-18.608379,46
449,-2.460938,-2.474048,-18.62149,46
450,-3.867188,-2.455737,-17.210041,43
451,-4.21875,-2.434985,-15.426277,38
452,-3.164062,-2.421558,-14.683773,36
453,-2.8125,-2.413013,-14.284286,35
454,-3.515625,-2.37273,-13.141392,32
455,-4.921875,-2.362964,-10.58248,26
456,-5.273438,-2.366626,-7.675669,19
457,-2.8125,-2.359302,-7.22247,18
458,-1.40625,-2.340991,-8.157211,20
459,-2.109375,-2.336108,-8.383945,20
460,-1.054688,-2.33855,-9.667807,24
461,-0.703125,-2.343433,-11.308114,28
462,1.40625,-2.342212,-15.056576,37
463,0.351562,-2.340991,-17.74913,44
464,-2.8125,-2.345874,-17.282505,43
465,-2.8125,-2.32146,-16.791466,42
466,-1.757812,-2.347095,-17.380749,43
467,1.054688,-2.343433,-20.77887,51
468,-2.109375,-2.330005,-20.9995,52
469,-1.40625,-2.339771,-21.933022,54
470,-2.460938,-2.332446,-21.804531,54
471,-3.867188,-2.316577,-20.253922,50
472,-1.40625,-2.308032,-21.155704,52
473,0.703125,-2.312915,-24.171745,60
474,-3.867188,-2.300708,-22.605267,56
475,-2.460938,-2.295825,-22.440155,56
476,-6.679688,-2.294605,-18.055073,45
477,-4.570312,-2.284839,-15.7696,39
478,-2.8125,-2.282398,-15.239498,38
479,-6.328125,-2.27019,-11.181564,28
480,-2.8125,-2.260425,-10.629489,26
481,-2.460938,-2.249439,-10.41799,26
482,-1.757812,-2.242114,-10.902291,27
483,-1.757812,-2.233569,-11.378048,28
484,-3.515625,-2.229907,-10.09233,25
485,-2.109375,-2.222583,-10.205538,25
486,-0.703125,-2.207935,-11.710347,29
487,2.460938,-2.203052,-16.374336,40
488,0.703125,-2.189624,-19.267086,47
489,-0.351562,-2.187183,-21.102707,52
490,-1.054688,-2.181079,-22.229099,55
491,-2.109375,-2.157886,-22.277611,55
492,-1.40625,-2.149341,-23.020702,57
493,-1.054688,-2.137134,-24.103149,60
494,-1.40625,-2.132251,-24.829151,62
495,-4.921875,-2.124927,-22.032204,55
496,-1.054688,-2.117603,-23.095119,57
497,-1.40625,-2.099292,-23.788162,59
498,-2.8125,-2.100513,-23.076176,57
499,-4.921875,-2.100513,-20.254814,50
500,-2.8125,-2.087085,-19.5294,48
501,-3.867188,-2.087085,-17.749298,44
502,-4.21875,-2.071216,-15.601765,39
503,-4.570312,-2.06145,-13.092903,32
504,-2.109375,-2.046802,-13.03033,32
505,-4.570312,-2.037036,-10.497053,26
506,-2.460938,-2.016284,-10.0524,25
507,-1.054688,-2.001636,-10.999348,27
508,-0.351562,-1.986987,-12.634772,31
509,-1.757812,-1.971118,-12.848078,32
510,-0.703125,-1.958911,-14.103864,35
511,0,-1.943042,-16.046906,40
512,2.109375,-1.934497,-20.090778,49
513,-1.054688,-1.917407,-20.953499,52
514,0,-1.913745,-22.867245,57
515,-1.40625,-1.9052,-23.366196,58
516,-1.054688,-1.88811,-24.199619,60
517,-2.460938,-1.877124,-23.615807,59
518,-0.703125,-1.863696,-24.776379,61
519,-2.109375,-1.855151,-24.522156,61
520,-3.867188,-1.872241,-22.52721,56
521,-2.109375,-1.846606,-22.264442,55
522,-4.570312,-1.838062,-19.532192,48
523,-3.515625,-1.834399,-17.850967,44
524,-2.460938,-1.831958,-17.221989,43
525,-2.8125,-1.81853,-16.22802,40
526,-4.21875,-1.797778,-13.807049,34
527,-2.460938,-1.788013,-13.134124,32
528,-2.109375,-1.784351,-12.809099,32
529,-2.109375,-1.777026,-12.47675,31
530,-1.757812,-1.762378,-12.481316,31
531,-2.8125,-1.74773,-11.416545,28
532,-0.703125,-1.741626,-12.455046,31
533,-2.460938,-1.735523,-11.72963,29
534,-0.351562,-1.73186,-13.109928,32
535,1.054688,-1.714771,-15.879386,39
536,-1.757812,-1.706226,-15.827799,39
537,-1.40625,-1.717212,-16.138762,40
538,-1.40625,-1.706226,-16.438738,41
539,-0.351562,-1.701343,-17.788519,44
540,-0.703125,-1.701343,-18.786737,46
541,0.703125,-1.698901,-21.188765,52
542,-0.351562,-1.698901,-22.536104,56
543,-2.8125,-1.700122,-21.423727,53
544,-2.8125,-1.691577,-20.302805,50
545,-3.867188,-1.692798,-18.128416,45
546,-1.054688,-1.702564,-18.776293,46
547,-3.867188,-1.694019,-16.603125,41
548,-3.867188,-1.694019,-14.429956,36
549,-4.21875,-1.697681,-11.908888,29
550,-1.757812,-1.700122,-11.851197,29
551,-4.570312,-1.685474,-8.966358,22
552,-1.757812,-1.690356,-8.898902,22
553,-3.164062,-1.685474,-7.420313,18
554,0.351562,-1.67937,-9.451245,23
555,-3.515625,-1.685474,-7.621094,19
556,-2.109375,-1.657398,-7.169116,17
557,-0.703125,-1.66228,-8.128271,20
558,-0.351562,-1.657398,-9.434106,23
559,0,-1.648853,-11.082958,27
560,-1.054688,-1.648853,-11.677123,29
561,-1.40625,-1.634204,-11.905077,29
562,-0.703125,-1.634204,-12.836156,32
563,-3.515625,-1.641528,-10.962059,27
564,-0.703125,-1.641528,-11.900462,29
565,-2.109375,-1.639087,-11.430174,28
566,-1.054688,-1.648853,-12.024339,30
567,0.351562,-1.64519,-14.021091,34
568,-2.8125,-1.651294,-12.859885,32
569,0.703125,-1.652515,-15.215525,37
570,-2.109375,-1.637866,-14.744017,36
571,-1.757812,-1.639087,-14.625292,36
572,-3.515625,-1.64397,-12.753637,31
573,-3.867188,-1.640308,-10.526757,26
574,-1.757812,-1.64519,-10.414135,26
575,-2.8125,-1.636646,-9.23828,23
576,-2.8125,-1.639087,-8.064867,20
577,-2.460938,-1.636646,-7.240575,18
578,-1.054688,-1.628101,-7.813988,19
579,0,-1.625659,-9.439647,23
580,-1.054688,-1.630542,-10.015501,25
581,-2.109375,-1.629321,-9.535447,23
582,-1.757812,-1.619556,-9.39719,23
583,0,-1.623218,-11.020408,27
584,-3.867188,-1.611011,-8.764231,22
585,-1.757812,-1.606128,-8.612546,21
586,-0.351562,-1.607349,-9.868332,24
587,-1.054688,-1.598804,-10.412448,25
588,-0.703125,-1.600024,-11.309347,28
589,0,-1.600024,-12.909371,32
590,1.757812,-1.595142,-16.262325,40
591,1.054688,-1.5927,-18.909714,47
592,-3.515625,-1.582935,-16.977024,42
593,-1.054688,-1.576831,-17.499168,43
594,-3.164062,-1.573169,-15.908276,39
595,1.054688,-1.579273,-18.542236,46
596,0.351562,-1.576831,-20.470631,51
597,-3.164062,-1.580493,-18.887062,47
598,-3.515625,-1.579273,-16.95071,42
599,-5.976562,-1.57561,-12.549759,31
600,-2.8125,-1.57439,-11.311648,28
601,-3.867188,-1.573169,-9.01763,22
602,-1.40625,-1.570728,-9.182107,22
603,-3.164062,-1.569507,-7.587551,19
604,-1.40625,-1.568286,-7.749587,19
605,0.703125,-1.568286,-10.020998,24
606,-2.460938,-1.573169,-9.133229,22
607,-1.40625,-1.570728,-9.297707,23
608,-1.40625,-1.560962,-9.452418,23
609,-1.40625,-1.560962,-9.60713,24
610,-2.460938,-1.559741,-8.705934,21
611,-1.40625,-1.559741,-8.859425,22
612,-0.703125,-1.563403,-9.719703,24
613,-3.515625,-1.568286,-7.772364,19
614,-2.460938,-1.571948,-6.883374,17
615,0.351562,-1.571948,-8.806885,21
616,1.40625,-1.57439,-11.787524,29
617,-0.351562,-1.57561,-13.011572,32
618,0.351562,-1.57439,-14.937524,37
619,1.054688,-1.576831,-17.569042,43
620,-0.703125,-1.580493,-18.446411,46
621,-1.40625,-1.578052,-18.618214,46
622,0.351562,-1.584155,-20.553932,51
623,-2.460938,-1.586597,-19.679592,49
624,-2.109375,-1.580493,-19.150711,47
625,-1.757812,-1.593921,-18.98682,47
626,-3.515625,-1.597583,-17.068779,42
627,-3.867188,-1.597583,-14.799175,37
628,-3.515625,-1.596362,-12.879913,32
629,-4.21875,-1.601245,-10.262408,25
630,-2.460938,-1.585376,-9.386847,23
631,-2.109375,-1.573169,-8.85064,22
632,-2.460938,-1.569507,-7.959209,19
633,1.054688,-1.556079,-10.569976,26
634,0.703125,-1.549976,-12.823076,31
635,-3.515625,-1.54021,-10.847661,27
636,-1.757812,-1.535327,-10.625175,26
637,-0.703125,-1.534106,-11.456157,28
638,-2.460938,-1.528003,-10.523222,26
639,-1.757812,-1.520679,-10.286088,25
640,-0.351562,-1.515796,-11.450321,28
641,-2.109375,-1.508472,-10.849418,27
642,-0.703125,-1.503589,-11.649881,29
643,-0.703125,-1.498706,-12.445462,31
644,-2.109375,-1.484058,-11.820145,29
645,-0.703125,-1.481616,-12.598636,31
646,0,-1.471851,-14.070486,35
647,-1.757812,-1.464526,-13.7772,34
648,-3.867188,-1.464526,-11.374538,28
649,-0.351562,-1.455981,-12.478957,31
650,-1.757812,-1.449878,-12.171022,30
651,0,-1.443774,-13.614797,33
652,0.351562,-1.437671,-15.40403,38
653,-2.8125,-1.438892,-14.030422,35
654,-2.109375,-1.43523,-13.356277,33
655,-0.703125,-1.429126,-14.082277,35
656,-0.351562,-1.424243,-15.154958,37
657,2.460938,-1.424243,-19.040138,47
658,0.351562,-1.41936,-20.811062,51
659,-2.460938,-1.407153,-19.757278,49
660,-3.164062,-1.404712,-17.997929,45
661,-1.054688,-1.396167,-18.339409,45
662,-2.8125,-1.387622,-16.914532,42
663,-3.515625,-1.386401,-14.785309,37
664,-1.40625,-1.368091,-14.74715,36
665,-4.21875,-1.370532,-11.898933,29
666,-3.867188,-1.352222,-9.383967,23
667,-2.460938,-1.335132,-8.258162,20
668,1.054688,-1.320483,-10.633332,26
669,1.40625,-1.299731,-13.339314,33
670,-1.054688,-1.282642,-13.567267,33
671,-1.757812,-1.276538,-13.085993,32
672,-1.40625,-1.267993,-12.947736,32
673,-0.703125,-1.254565,-13.499176,33
674,-1.40625,-1.253345,-13.346271,33
675,-0.351562,-1.246021,-14.240728,35
676,-1.054688,-1.233814,-14.419854,36
677,1.054688,-1.221606,-16.696148,41
678,-1.40625,-1.215503,-16.505402,41
679,-1.054688,-1.204517,-16.655231,41
680,-1.757812,-1.198413,-16.095833,40
681,-0.351562,-1.184985,-16.929256,42
682,-1.054688,-1.172778,-17.047348,42
683,-1.054688,-1.161792,-17.154453,42
684,-2.109375,-1.150806,-16.195885,40
685,-2.8125,-1.131274,-14.51466,36
686,-1.40625,-1.126392,-14.234801,35
687,0,-1.108081,-15.342882,38
688,-3.164062,-1.100757,-13.279577,33
689,-4.921875,-1.087329,-9.445031,23
690,-2.8125,-1.072681,-7.705212,19
691,-2.109375,-1.065356,-6.661193,16
692,3.867188,-1.05437,-11.58275,28
693,1.054688,-1.03606,-13.673497,34
694,-0.703125,-1.026294,-13.996666,34
695,-1.757812,-1.02019,-13.259044,33
696,-1.054688,-1.01897,-13.223326,33
697,1.054688,-1.009204,-15.287217,38
698,-1.757812,-1.004321,-14.533726,36
699,1.40625,-0.995776,-16.935753,42
700,-1.054688,-0.988452,-16.869518,42
701,1.054688,-0.982349,-18.906555,47
702,-1.757812,-0.977466,-18.126209,45
703,0.703125,-0.972583,-19.801918,49
704,0.703125,-0.9677,-21.472744,53
705,-2.460938,-0.956714,-19.968521,50
706,-1.054688,-0.948169,-19.862003,49
707,-1.757812,-0.942065,-19.046257,47
708,-2.460938,-0.934741,-17.520061,43
709,-2.109375,-0.9323,-16.342987,40
710,-5.273438,-0.917651,-11.987202,30
711,-1.054688,-0.916431,-11.848945,29
712,-2.8125,-0.912769,-9.949213,24
713,1.757812,-0.905444,-12.61247,31
714,-1.054688,-0.885913,-12.443695,31
715,0,-0.884692,-13.328387,33
716,-1.757812,-0.876147,-12.446722,31
717,-0.703125,-0.871265,-12.614861,31
718,-0.351562,-0.857837,-13.121136,32
719,-1.40625,-0.855395,-12.570281,31
720,-0.351562,-0.838306,-13.057024,32
721,-0.703125,-0.838306,-13.192204,32
722,-4.570312,-0.830981,-9.452873,23
723,2.8125,-0.819995,-13.085368,32
724,-1.40625,-0.818774,-12.497892,31
725,1.757812,-0.807788,-15.063493,37
726,0,-0.799243,-15.862736,39
727,0.351562,-0.799243,-17.013542,42
728,-2.460938,-0.790698,-15.343304,38
729,-1.054688,-0.787036,-15.075653,37
730,2.8125,-0.785815,-18.673969,46
731,-3.164062,-0.77727,-16.287178,40
732,-0.703125,-0.779712,-16.363766,40
733,0.351562,-0.766284,-17.481613,43
734,-2.8125,-0.757739,-15.426853,38
735,-0.351562,-0.756519,-15.83181,39
736,0,-0.751636,-16.583447,41
737,-1.757812,-0.750415,-15.57605,39
738,-2.460938,-0.740649,-13.855762,34
739,-4.570312,-0.732104,-10.017554,25
740,0,-0.728442,-10.745996,26
741,-0.351562,-0.72478,-11.119214,27
742,0,-0.719897,-11.839111,29
743,0,-0.712573,-12.551684,31
744,-1.40625,-0.705249,-11.850683,29
745,1.40625,-0.70769,-13.964623,34
746,-1.054688,-0.694263,-13.604198,34
747,2.460938,-0.695483,-16.76062,41
748,-2.460938,-0.685718,-14.985401,37
749,-0.351562,-0.68938,-15.323218,38
750,0.703125,-0.682056,-16.708399,41
751,-0.703125,-0.679614,-16.684889,41
752,-1.757812,-0.675952,-15.603029,39
753,1.40625,-0.671069,-17.680349,44
754,-0.703125,-0.663745,-17.64097,44
755,-1.40625,-0.658862,-16.893583,42
756,-1.054688,-0.647876,-16.486773,41
757,-1.054688,-0.645435,-16.07752,40
758,-0.351562,-0.629565,-16.355524,40
759,-1.40625,-0.632007,-15.581282,38
760,-2.109375,-0.627124,-14.099031,35
761,-1.757812,-0.629565,-12.970784,32
762,0,-0.624683,-13.595467,33
763,0,-0.614917,-14.210383,35
764,-0.351562,-0.612476,-14.471296,36
765,-3.515625,-0.608813,-11.564485,29
766,0,-0.600269,-12.164753,30
767,-0.703125,-0.601489,-12.063117,30
768,1.054688,-0.594165,-13.711969,34
769,0,-0.591724,-14.303693,35
770,-0.703125,-0.600269,-14.200836,35
771,-0.703125,-0.591724,-14.089435,35
772,2.109375,-0.589282,-16.788092,41
773,1.054688,-0.580737,-18.423517,45
774,-0.703125,-0.580737,-18.30113,45
775,0,-0.58562,-18.886751,47
776,-0.351562,-0.588062,-19.123251,47
777,-1.054688,-0.577075,-18.645639,46
778,-4.21875,-0.58562,-15.01251,37
779,-1.054688,-0.60271,-14.560533,36
780,-1.40625,-0.5917,,
